<suppressions xmlns="https://jeremylong.github.io/DependencyCheck/dependency-suppression.1.3.xsd">

	<suppress>
   		<notes><![CDATA[
   		file name: json-path-2.4.0.jar
   		]]></notes>
   		<packageUrl regex="true">^pkg:maven/com\.jayway\.jsonpath/json\-path@.*$</packageUrl>
   		<cpe>cpe:/a:json-path:jayway_jsonpath</cpe>
	</suppress>
	
	<suppress>
   		<notes><![CDATA[
   		file name: spring-data-rest-webmvc-3.2.4.RELEASE.jar
   		]]></notes>
   		<packageUrl regex="true">^pkg:maven/org\.springframework\.data/spring\-data\-rest\-webmvc@.*$</packageUrl>
   		<vulnerabilityName>CVE-2021-22047</vulnerabilityName>
	</suppress>
	
	<suppress>
   		<notes><![CDATA[
   		file name: spring-data-rest-webmvc-3.2.4.RELEASE.jar
   		]]></notes>
   		<packageUrl regex="true">^pkg:maven/org\.springframework\.data/spring\-data\-rest\-webmvc@.*$</packageUrl>
   		<cpe>cpe:/a:pivotal_software:spring_data_rest</cpe>
	</suppress>
	
	<suppress>
   		<notes><![CDATA[
   		file name: spring-hateoas-1.0.3.RELEASE.jar
   		]]></notes>
   		<packageUrl regex="true">^pkg:maven/org\.springframework\.hateoas/spring\-hateoas@.*$</packageUrl>
   		<cpe>cpe:/a:vmware:spring_hateoas</cpe>
	</suppress>
	
	<suppress>
   		<notes><![CDATA[
   		file name: tomcat-embed-core-9.0.30.jar
   		]]></notes>
   		<packageUrl regex="true">^pkg:maven/org\.apache\.tomcat\.embed/tomcat\-embed\-core@.*$</packageUrl>
   		<cpe>cpe:/a:apache_tomcat:apache_tomcat</cpe>
	</suppress>

</suppressions>